abbreviation	KO
RE3009C	K00390
DPMVDc	K01597
INSK	K00892
IPDDI	K01823
MEVK1c	K00869
PMEVKc	K00938
PMEVKc	K13273
ACLYSHYc	K01436
URIK3	K00876
DKMPPD2	K08967
DKMPPD3	K08966
2MBCOATA	K00648
36DAHXI	K01844
36DAHXI	K18011
3BTCOAI	K14534
3HBCD	K14534
5DGCLURI	K03337
5DGLCNR	K00046
ACBIPGT	K02231
ACCOAT	K18122
ACGApts	K02802
ACGApts	K02803
ACGApts	K02804
ACNML	K01639
ACOAD1	K00209
ACOAD20	K00248
ACOADH2	K00248
ACPpds	K08682
ADCPS1	K02225
ADCPS1	K02227
ADCPS2	K02225
ADCPS2	K02227
ADCYRS	K02232
ADOCBIK	K02231
ADOCBIK2	K02231
ADOCBLS	K02233
ALCD4	K00100
ALPHNH	K01457
ALPHNH	K14541
AMANAPEr	K01788
AMANAPEr	K13967
ARBTpts	K02749
ARBTpts	K02750
ARBTpts	K02752
ASNS2	K01914
BCOAACT	K01034
BCOAACT	K01035
CBIAT	K00798
CBLAT	K04032
CHRPL	K03181
CPC2MT	K00593
CPC3MT	K05934
CPC3MT	K13541
CPC3MT	K13540
CPC4MT	K05936
CPC5MT	K02189
CPC6MT	K02191
CPC6R	K05895
CPC8MM	K06042
CYRDAAT	K00798
CYRDAS	K02224
CYSS	K01738
CYSS	K12339
CYSS	K13034
CYSS	K17069
CYSS	K10150
CYSS3r	K01740
CYSS3r	K17069
CYSS3r	K12339
CYSS3r	K13034
CYSS3r	K10150
CYTDK3	K00876
D5KGK	K03338
DAPDA	K05823
D_LACD	K00102
EAR11M12	K00208
EAR13M14	K00208
EAR14M16	K00208
EAR5M6	K00208
EAR7M8	K00208
EAR9M10	K00208
ECOAH1R	K17865
EDTXS2	K02560
ETHAAL	K03735
ETHAAL	K03736
ETHAAL	K04019
FGLU	K01479
FRUK	K00882
FRUpts	K02768
FRUpts	K02769
FRUpts	K02770
GALM1r	K01785
GALT1	K00713
GALTpts	K02773
GALTpts	K02774
GALTpts	K02775
GAMpts	K02763
GAMpts	K02764
GAMpts	K02765
GARFTi	K00601
GARFTi	K08289
GARFTi	K11175
GLCS3	K00703
GLCS3	K16148
GLCTR1	K00713
GLCTR2	K00713
GLCTR3	K00713
GLCpts	K02777
GLCpts	K02778
GLCpts	K02779
GLUDxi	K00260
GLUDxi	K00261
GLUDxi	K15371
GLUFORT	K00603
GLUFORT	K13990
GLUN	K01425
GLUN	K05597
HEPK1	K03271
HEPK2	K03272
HEPT3	K00713
HEPT4	K03280
LDH_D2	K00102
LYSAM	K01843
MALTpts	K02790
MALTpts	K02791
MANpts	K02793
MANpts	K02794
MANpts	K02795
MANpts	K02796
ME1	K00027
ME1	K00028
METSr	K00548
MNLpts	K02798
MNLpts	K02799
MNLpts	K02800
MOAT3C	K02527
MTRK	K00899
NADH10	K00329
NADH5	K00329
NADH9	K00329
NNDMBRT	K00768
NP2MSUCCS	K01670
NP2MSUCCS	K15567
NP2MSUCCS	K15568
OHPHM	K00568
PC	K01958
PC	K01959
PC	K01960
PC11M	K05936
PC17M	K05934
PC17M	K13541
PC17M	K13540
PC20M	K03394
PC20M	K13540
PC6AR	K05895
PC6YM	K00595
PC8XM	K06042
PFK_2	K00850
PFK_2	K00917
PFK_2	K16370
PFK_3	K00850
PHPB2	K00074
PPDK	K01006
R05224	K02224
RHAT1	K12986
RZ5PP	K02226
SALCS2	K04781
SALCS2	K04782
SALCpts	K02749
SALCpts	K02750
SALCpts	K02752
SARCOX	K00301
SARCOX	K00302
SARCOX	K00303
SARCOX	K00304
SARCOX	K00305
SARCOX	K00306
SBTpts	K02781
SBTpts	K02782
SBTpts	K02783
SHCHCC2	K02190
SHCHCC2	K03795
SHCHD2	K02304
SHCHF	K02302
SHCHF	K02304
SHCHF	K03794
SUCpts	K02808
SUCpts	K02809
SUCpts	K02810
TECA1S140	K09809
TECA1S160	K09809
TECA1S180	K09809
TECA1SAI15	K09809
TECA1SAI17	K09809
TECA1SI14	K09809
TECA1SI15	K09809
TECA1SI16	K09809
TECA1SI17	K09809
THRPD	K04720
TREpts	K02817
TREpts	K02818
TREpts	K02819
TRPAS2	K01667
UAG2E	K01791
UAG2EMA	K01791
UAG2EMA	K12409
UPP3MT	K00589
UPP3MT	K02303
UPP3MT	K02496
UPP3MT	K02302
UPP3MT	K13542
UPP3MT	K13543
USHD	K03269
26DAPLLAT	K10206
DHDPRyr	K00215
EAR40x	K11611
AACPS6	K01909
AACPS6	K05939
KAS16	K00647
NTPP7	K01519
OMMBLHX3	K00492
DMQMT	K00568
DMQMT	K00591
OMPHHX3	K00492
OPHHX3	K18801
35DACAPDH	K18012
5A3OHEXCLE	K18013
3ABUTCOAL	K18014
FDNADOX_H	K00529
2HYDOGDH	K00109
2HYDOGCOAT	K01039
2HYDOGCOAT	K01040
GLUTARCOAT	K01039
GLUTARCOAT	K01040
GLUTACCOADC	K01615
GLUTCOADH	K16173
BTCOAACCOAT	K01034
BTCOAACCOAT	K01035
ABTAr	K14268
ABTAr	K00823
ABTAr	K07250
ABTAr	K13524
SSALxr	K00135
SSALxr	K00139
SSALxr	K08324
SSALxr	K17761
SSALyr	K00135
SSALyr	K08324
4HBNOX	K00043
4HBNOX	K08318
4HBNOX	K18120
BTALDH	K00132
BTALDH	K04073
BTALDH	K04072
FORAMD	K01455
APTNAT	K14268
OXPTNDH	K00135
GLUTCOADH2	K00252
ECOAH1	K01692
ECOAH1	K01715
ECOAH1	K13767
ECOAH1	K01782
ECOAH1	K01825
ECOAH1	K07511
ECOAH1	K07514
ECOAH1	K10527
ECOAH1	K15016
CYRDAR	K13786
THRD	K00060
THRD	K15789
3MOBS	K01649
5MTHCYST	K00599
AACGLYDH	K00128
AACGLYDH	K00149
AACGLYDH	K14085
ABTOXy	K00011
ABUTR	K00149
ABUTR	K14085
ABUTR	K00128
ACGK	K00930
ACGK	K05828
ACGK	K12659
ACGS	K00618
ACGS	K00620
ACGS	K11067
ACGS	K14681
ACGS	K14682
ACHBPL	K11258
ACHBPL	K01652
ACHBPL	K01653
ACLS_a	K00161
ACLS_a	K00162
ACLS_a	K00163
ACLS_a	K01568
ACLS_a	K11258
ACLS_a	K01652
ACLS_a	K01653
ACLS_b	K01652
ACLS_b	K01653
ACONMT	K00598
ACOTA	K00818
ACOTA	K00821
ACOTA	K05830
ACYP_2	K01512
ADNUC	K01239
ADNUC	K10213
AGPR	K00145
AGPR	K05829
AGPR	K12659
AHEXASE3	K01207
AHSERL2	K01740
AHSERL3	K01740
ARABASE3e	K01209
ARAI	K01804
ARGSSr	K01940
ATPPRT	K00765
ATPPRT	K02502
BGLA	K01188
BGLAr	K01188
BGLAr	K05349
BGLAr	K05350
CYSTL	K01760
CYSTL	K14155
F6PE4PL	K01632
FFSD	K01193
FMNRx2	K00299
FMNRx2	K13562
FRDOr	K00528
G3PCT	K00980
G5SDr	K00147
G5SDr	K12657
GALS3	K01189
GALS3	K07406
GALS3	K07407
GART	K00607
GCCb	K00605
GCCc	K00382
GLCTR4r	K00690
GLU5K	K00931
GLU5K	K12657
GLUOX	K00264
GLUOX	K00265
GLUOX	K00266
GNNUC	K10213
HISTD	K00013
HISTD	K14152
HSST	K00651
HSTPTr	K00817
IG3PS	K01663
IG3PS	K02500
IG3PS	K02501
IGPDH	K01693
IGPDH	K01089
INSH	K01239
IPMDr	K00052
IPPMIa	K01702
IPPMIb	K01702
IPPMIb	K01703
IPPMIb	K01704
LACZ	K01190
LCARS	K00048
LPLIPAL1A120	K01048
LPLIPAL1A140	K01048
LPLIPAL1A141	K01048
LPLIPAL1A160	K01048
LPLIPAL1A161	K01048
LPLIPAL1A180	K01048
LPLIPAL1A181	K01048
LPLIPAL1E120	K01048
LPLIPAL1E140	K01048
LPLIPAL1E141	K01048
LPLIPAL1E160	K01048
LPLIPAL1E161	K01048
LPLIPAL1E180	K01048
LPLIPAL1E181	K01048
LPLIPAL1G120	K01048
LPLIPAL1G140	K01048
LPLIPAL1G141	K01048
LPLIPAL1G160	K01048
LPLIPAL1G161	K01048
LPLIPAL1G180	K01048
LPLIPAL1G181	K01048
LPLIPAL2A120	K01048
LPLIPAL2A140	K01048
LPLIPAL2A141	K01048
LPLIPAL2A160	K01048
LPLIPAL2A161	K01048
LPLIPAL2A180	K01048
LPLIPAL2A181	K01048
LPLIPAL2E120	K01048
LPLIPAL2E140	K01048
LPLIPAL2E141	K01048
LPLIPAL2E160	K01048
LPLIPAL2E161	K01048
LPLIPAL2E180	K01048
LPLIPAL2E181	K01048
LPLIPAL2G120	K01048
LPLIPAL2G140	K01048
LPLIPAL2G141	K01048
LPLIPAL2G160	K01048
LPLIPAL2G161	K01048
LPLIPAL2G180	K01048
LPLIPAL2G181	K01048
L_AROND	K00220
L_ARONR	K15226
L_ARONR	K15227
MADGBG	K01188
MADGBG	K05349
MADGBG	K05350
MANA4	K01189
MANA4	K07406
MANA4	K07407
MBDGBG	K01188
MBDGBG	K05349
MBDGBG	K05350
MCSNAH1r	K01485
METB1	K01739
METFR	K00297
MTHPTGHM	K00549
NOPHMO	K03688
OCBT	K00611
ORNTAC	K00620
PDHbr	K00627
PPCr	K01595
PPNDH	K01713
PPNDH	K04518
PPNDH	K05359
PPNDH	K14170
PRAMPC	K01496
PRAMPC	K11755
PRAMPC	K14152
PRATPP	K01523
PRATPP	K11755
PRATPP	K14152
PRMICI	K01814
RAFGH	K01189
RAFGH	K07406
RAFGH	K07407
RAFH	K01193
RBK_Dr	K00853
RBK_Dr	K00875
RBK_L1	K00853
RBP4E	K01786
RBP4E	K03077
RBP4E	K03080
SEPHCHS	K02551
SHSL1r	K01739
SHSL2	K10764
SHSL2	K01739
SHSL4r	K01739
STYSGH	K01189
STYSGH	K07406
STYSGH	K07407
SUCOAS	K01902
SUCOAS	K01903
THD1	K00322
THD1	K00323
THD1	K00324
THD1	K00325
THD2	K00322
UDPGALM	K01854
XTSNH	K01239
XU5PG3PL	K01621
XYLI1	K01805
XYLI2	K01805
PDHa	K00161
PDHa	K00162
PDHa	K00163
ARABINOGALASEe	K01190
ARABINOGALASEe	K06113
ARABINOGALASEe	K01195
KESTOASEe	K01212
KESTOTTRASEe	K01212
KESTOPTASEe	K01212
SUCR	K01182
SUCR	K01203
SUCR	K01187
SUCR	K12047
SUCR	K12316
SUCR	K12317
SUCR	K15922
2HMCOXT	K01821
AGMD	K10536
ALAD_R	K00259
AMID	K01426
AMID2	K01426
AMID4	K01426
AMID5	K01426
ASPO2	K06989
BSORx	K00540
BSORy	K00540
BZAMAH	K01426
CDAPPA120	K01521
CDAPPA140	K01521
CDAPPA141	K01521
CDAPPA160	K01521
CDAPPA161	K01521
CDAPPA180	K01521
CDAPPA181	K01521
CPPPGO2	K02495
CYO1b	K02274
CYO1b	K02275
CYO1b	K02276
CYTBD2	K02826
DAAD	K00285
DAGK120	K00901
DAGK140	K00901
DAGK141	K00901
DAGK160	K00901
DAGK161	K00901
DAGK180	K00901
DAGK181	K00901
EAR10M11x	K11611
EAR11M12x	K11611
EAR12M13x	K11611
EAR13M14x	K11611
EAR14M15x	K11611
EAR14M16x	K11611
EAR4M5x	K11611
EAR5M6x	K11611
EAR6M7x	K11611
EAR7M8x	K11611
EAR8M9x	K11611
EAR9M10x	K11611
EDD	K01690
FTHFD	K01433
HEXb	K00845
HEXb	K12407
HEXb	K00844
IAHDGK	K00901
IAHDGK	K07029
IAPDGK	K00901
IAPDGK	K07029
IHDGK	K00901
IHDGK	K07029
IHXDGK	K00901
IHXDGK	K07029
INHINDH	K01426
IPDGK	K00901
IPDGK	K07029
IPDPUPT	K00806
ITDGK	K00901
ITDGK	K07029
MALFADO	K00116
MDH2	K00116
MDH3	K00116
MOHMT	K00606
NADH6	K00329
NCPTRCA	K12251
OOR2r	K00174
OOR2r	K00175
OOR2r	K00176
OOR2r	K00177
P5CD	K00294
P5CD	K13821
PANTS	K01918
PANTS	K13799
PDX5PSYN	K03474
PLIPA1A120	K16818
PLIPA1A140	K16818
PLIPA1A141	K16818
PLIPA1A160	K16818
PLIPA1A161	K16818
PLIPA1A180	K16818
PLIPA1A181	K16818
PLIPA1E120	K16818
PLIPA1E140	K16818
PLIPA1E141	K16818
PLIPA1E160	K16818
PLIPA1E161	K16818
PLIPA1E180rev	K16818
PLIPA1E181	K16818
PLIPA1G120	K16818
PLIPA1G140	K16818
PLIPA1G141	K16818
PLIPA1G160	K16818
PLIPA1G161	K16818
PLIPA1G180	K16818
PLIPA1G181	K16818
PLIPA2A120	K01047
PLIPA2A140	K01047
PLIPA2A141	K01047
PLIPA2A160	K01047
PLIPA2A161	K01047
PLIPA2A180	K01047
PLIPA2A181	K01047
PLIPA2E120	K01047
PLIPA2E140	K01047
PLIPA2E141	K01047
PLIPA2E160	K01047
PLIPA2E161	K01047
PLIPA2E180	K01047
PLIPA2E181	K01047
PLIPA2G120	K01047
PLIPA2G140	K01047
PLIPA2G141	K01047
PLIPA2G160	K01047
PLIPA2G161	K01047
PLIPA2G180	K01047
PLIPA2G181	K01047
PPGPPDP	K01139
PPND	K00210
PPND	K04517
PPND	K00220
PPND	K14187
PPND2	K00211
PPS	K01007
PRAI	K01817
PRAI	K13498
PRAI	K13501
PROD3	K11394
PUTA3	K00294
PUTA3	K13821
SERATi	K00640
UPPDC2b	K01599
UREA	K01427
UREA	K01428
UREA	K01429
UREA	K01430
UREA	K14048
URFGTT	K03183
AHCYSNS	K01243
RHC	K07173
HCYSHSL	K17217
3HAD100	K01716
3HAD100	K02372
3HAD100	K16363
3HAD100	K00668
3HAD100	K11533
3HAD100	K00665
3HAD10M11	K01716
3HAD10M11	K02372
23DHMPO	K00053
23PDE2	K01119
23PDE4	K01119
23PDE7	K01119
23PDE9	K01119
2AHBUTI	K00053
3HAD10M12	K01716
3HAD10M12	K02372
3HAD11M12	K01716
3HAD11M12	K02372
3HAD120	K01716
3HAD120	K02372
3HAD120	K16363
3HAD120	K00668
3HAD120	K00665
3HAD120	K11533
3HAD12M13	K01716
3HAD12M13	K02372
3HAD12M14	K01716
3HAD12M14	K02372
3HAD13M14	K01716
3HAD13M14	K02372
3HAD140	K01716
3HAD140	K02372
3HAD140	K16363
3HAD140	K00668
3HAD140	K11533
3HAD140	K00665
3HAD14M15	K01716
3HAD14M15	K02372
3HAD14M16	K01716
3HAD14M16	K02372
3HAD15M16	K01716
3HAD15M16	K02372
3HAD160	K01716
3HAD160	K02372
3HAD160	K16363
3HAD160	K00668
3HAD160	K11533
3HAD160	K00665
3HAD180	K01716
3HAD180	K02372
3HAD40	K01716
3HAD40	K02372
3HAD40	K16363
3HAD40	K00668
3HAD40	K11533
3HAD40	K00665
3HAD4M5	K01716
3HAD4M5	K02372
3HAD4M6	K01716
3HAD4M6	K02372
3HAD5M6	K01716
3HAD5M6	K02372
3HAD60	K01716
3HAD60	K02372
3HAD60	K16363
3HAD60	K00668
3HAD60	K11533
3HAD60	K00665
3HAD6M7	K01716
3HAD6M7	K02372
3HAD6M8	K01716
3HAD6M8	K02372
3HAD7M8	K01716
3HAD7M8	K02372
3HAD80	K00668
3HAD80	K11533
3HAD80	K00665
3HAD8M10	K01716
3HAD8M10	K02372
3HAD8M9	K01716
3HAD8M9	K02372
3HAD9M10	K01716
3HAD9M10	K02372
3OAR100	K00059
3OAR100	K11533
3OAR100	K00665
3OAR10M11	K00059
3OAR10M12	K00059
3OAR11M12	K00059
3OAR120	K00059
3OAR120	K00667
3OAR120	K00668
3OAR120	K11533
3OAR12M13	K00059
3OAR12M14	K00059
3OAR13M14	K00059
3OAR140	K00059
3OAR140	K00667
3OAR140	K11533
3OAR140	K00665
3OAR14M15	K00059
3OAR14M16	K00059
3OAR15M16	K00059
3OAR160	K00059
3OAR160	K00667
3OAR160	K11533
3OAR160	K00665
3OAR180	K00059
3OAR40	K00059
3OAR40	K00667
3OAR40	K11533
3OAR40	K00665
3OAR4M5	K00059
3OAR4M6	K00059
3OAR5M6	K00059
3OAR60	K00059
3OAR60	K00667
3OAR60	K11533
3OAR60	K00665
3OAR6M7	K00059
3OAR6M8	K00059
3OAR7M8	K00059
3OAR80	K00667
3OAR80	K11533
3OAR80	K00665
3OAR8M10	K00059
3OAR8M9	K00059
3OAR9M10	K00059
3OAS100	K00647
3OAS100	K09458
3OAS100	K00667
3OAS100	K11533
3OAS100	K00665
3OAS10M11	K00647
3OAS10M12	K00647
3OAS11M12	K00647
3OAS120	K00647
3OAS120	K09458
3OAS120	K00667
3OAS120	K11533
3OAS120	K00665
3OAS12M13	K00647
3OAS12M14	K00647
3OAS13M14	K00647
3OAS140	K00647
3OAS140	K09458
3OAS140	K00667
3OAS140	K11533
3OAS140	K00665
3OAS160	K00647
3OAS160	K09458
3OAS160	K00667
3OAS160	K00665
3OAS160	K11533
3OAS180	K10203
3OAS180	K10245
3OAS180	K10246
3OAS180	K00647
3OAS180	K09458
3OAS180	K11533
3OAS2M3	K00647
3OAS3M4	K00647
3OAS4M3O6	K00647
3OAS4M5	K00647
3OAS4M6	K00647
3OAS5M6	K00647
3OAS60	K00667
3OAS60	K11533
3OAS60	K00665
3OAS6M7	K00647
3OAS6M8	K00647
3OAS7M8	K00647
3OAS80	K00647
3OAS80	K09458
3OAS80	K00667
3OAS80	K11533
3OAS80	K00665
3OAS8M10	K00647
3OAS8M9	K00647
3OAS9M10	K00647
4HTHRS	K01733
5GLUP5T1	K00681
5GLUP5T2	K00681
A5PISO	K06041
ACACT1r	K00626
ACACT2r	K00626
ACACT2r	K07508
ACACT2r	K07509
ACACT3r	K00632
ACACT3r	K07513
ACACT3r	K07508
ACACT3r	K07509
ACACT4r	K00632
ACACT4r	K07513
ACACT4r	K07508
ACACT4r	K07509
ACACT5r	K00632
ACACT5r	K07513
ACACT5r	K07508
ACACT5r	K07509
ACACT6r	K00632
ACACT6r	K07513
ACACT6r	K07508
ACACT6r	K07509
ACACT7r	K00632
ACACT7r	K07513
ACACT7r	K07508
ACACT7r	K07509
ACCOACL	K01962
ACCOACL	K01963
ACCOACL	K02160
ACCOAL	K01905
ACGAMT	K02851
ACKr	K00925
ACOAAGPAT140	K00655
ACOAAGPAT160	K00655
ACOAAGPAT180	K00655
ACOAAGPATAI15	K00655
ACOAAGPATAI17	K00655
ACOAAGPATI14	K00655
ACOAAGPATI15	K00655
ACOAAGPATI16	K00655
ACOAAGPATI17	K00655
ACOATA	K00648
ACOATA	K00665
ACOATA	K00668
ACOATA	K11533
ACONT	K01681
ACONT	K01682
ACONTa	K01681
ACONTa	K01682
ACONTb	K01680
ACPS1	K00997
ACPS1	K06133
ACS	K01895
ADCL	K02619
ADCL	K03342
ADCS	K01664
ADCS	K01665
ADCS	K03342
ADCS	K13950
ADK1	K00939
ADK2	K00939
ADPT	K00759
ADPT	K00760
ADSL1r	K01756
ADSL2r	K01756
ADSS	K01939
AGMHE	K03274
AGPAT120	K00655
AGPAT140	K00655
AGPAT141	K00655
AGPAT160	K00655
AGPAT161	K00655
AGPAT180	K00655
AGPAT181	K00655
AIHPDCOATA	K00648
AIPDCOATA	K00648
ALAALA	K01921
ALAASP1c	K07751
ALACI	K00053
ALAGLN1c	K07751
ALAGLU1c	K07751
ALAGLY1c	K07751
ALAHIS1c	K07751
ALALEU1c	K07751
ALAR	K01775
ALATHR1c	K07751
ALCD19	K00011
ALCD2x	K04022
ALCD2x	K00001
ALCD2x	K00121
ALCD2x	K13951
ALCD2x	K13952
ALCD2x	K13953
ALCD2x	K13954
ALCD2x	K13980
AMAOTr	K00833
AMPTASECG	K01255
AMPTASECG	K01256
AMPTASECG	K01270
AMPTASECG	K07751
AMPTASECG	K11140
AMPTASECG	K15428
AMPTASECG	K11142
ANPRT	K00766
ANS	K01656
ANS	K01657
ANS	K01658
ANS	K13497
ANS	K13501
ANS	K13503
ANS2	K01656
ANS2	K01657
ANS2	K01658
ANS2	K13497
ANS2	K13501
ANS2	K13503
AOXSr	K00652
APRAUR	K00082
APRAUR	K11752
ARGDC	K01583
ARGDC	K01584
ARGDC	K01585
ARGDC	K02626
ARGN	K01476
ASAD	K00133
ASP1DC	K01579
ASP1DC	K01580
ASPCT	K00608
ASPCT	K00609
ASPCT	K00610
ASPCT	K11540
ASPCT	K11541
ASPK	K00928
ASPK	K12524
ASPK	K12525
ASPK	K12526
ASPT	K01744
ASPTA	K00811
ASPTA	K00812
ASPTA	K00813
ASPTA	K11358
ASPTA	K14454
ASPTA	K14455
ATPS4	K02111
ATPS4	K02112
BACCLi	K01942
BACCLi	K01947
BACCLi	K03524
BPNT	K01082
BTNCL	K11263
BTNCL	K01961
BTNCL	K11262
BTS4	K01012
CBPS	K01954
CBPS	K01955
CBPS	K01956
CBPS	K11540
CBPS	K11541
CDOSKT	K02527
CDPMEK	K00919
CHORS	K01736
CLPNS140	K01005
CLPNS160	K01005
CLPNS180	K01005
CLPNSAI15	K01005
CLPNSAI17	K01005
CLPNSI14	K01005
CLPNSI15	K01005
CLPNSI16	K01005
CLPNSI17	K01005
CPPPGO	K00228
CTPS1	K01937
CTPS2	K01937
CYSDS	K01758
CYSDS	K01760
CYSDS	K14155
CYSDS	K17217
CYSTGL	K01758
CYSTGL	K17217
CYSTS	K01697
DAPDC	K01586
DAPDC	K12526
DAPE	K01778
DASYN120	K00981
DASYN140	K00981
DASYN141	K00981
DASYN160	K00981
DASYN161	K00981
DASYN180	K00981
DASYN181	K00981
DASYNAI15	K00981
DASYNAI17	K00981
DASYNI14	K00981
DASYNI15	K00981
DASYNI16	K00981
DASYNI17	K00981
DB4PS	K02858
DB4PS	K14652
DBTS	K01935
DCTPD	K01494
DCTPD2	K01494
DDPA	K01626
DDPA	K03856
DDPA	K13853
DDPGA	K01625
DDPGA	K18123
DGK1	K00942
DHDPRy	K00215
DHDPS	K01714
DHFOR2	K00287
DHFOR2	K13998
DHFR	K13938
DHFS	K01930
DHFS	K11754
DHNPA	K01633
DHNPA	K13940
DHNPA	K13939
DHORD2	K00254
DHORD5	K00254
DHORDi	K00226
DHORTS	K01465
DHPPDA	K01498
DHPPDA	K11752
DHPR	K00357
DHPS	K00796
DHPS	K13939
DHPS	K13941
DHQS	K01735
DHQS	K13829
DHQTi	K03785
DHQTi	K03786
DHQTi	K13832
DHQTi	K13830
DMATT	K00787
DMATT	K00795
DMATT	K00804
DMATT	K13787
DMATT	K13789
DMATT	K14066
DMPPS	K03527
DMPPS2r	K03527
DM_atp_c_	K01509
DM_atp_c_	K01510
DM_atp_c_	K01533
DM_atp_c_	K01553
DM_atp_c_	K04765
DM_atp_c_	K06928
DM_atp_c_	K14641
DM_atp_c_	K14642
DM_atp_c_	K17686
DPCOAK	K00859
DPCOAK	K02318
DPRr	K00077
DTMPK	K00943
DURIPP	K00757
DURIPP	K00758
DURIPP	K00756
DURIPP	K03783
DURIPP	K03784
DUTPDP	K01520
DUTPDP	K01519
DUTPDP	K02428
DXPRIr	K00099
DXPS	K01662
E4PD	K03472
EAR100x	K00208
EAR100x	K02371
EAR100x	K00668
EAR100x	K11533
EAR10M12x	K11611
EAR120x	K00208
EAR120x	K02371
EAR120x	K00667
EAR120x	K11533
EAR12M14x	K11611
EAR140x	K00208
EAR140x	K02371
EAR140x	K00668
EAR140x	K11533
EAR15M16x	K11611
EAR160x	K00208
EAR160x	K02371
EAR160x	K00668
EAR160x	K11533
EAR180x	K11611
EAR4M6x	K11611
EAR60x	K00668
EAR60x	K11533
EAR6M8x	K11611
EAR80x	K00208
EAR80x	K02371
EAR80x	K00668
EAR80x	K11533
EAR8M10x	K11611
EDA_R	K17463
EDA_R	K01625
EDA_R	K11395
EDTXS1	K02517
EHGLAT	K00811
EHGLAT	K00812
EHGLAT	K00813
EHGLAT	K11358
EHGLAT	K14454
EHGLAT	K14455
ENO	K01689
FBA	K01623
FBA	K01624
FBA	K11645
FBA	K16305
FBA	K16306
FBA	K01622
FBA2	K01622
FBA2	K01623
FBA2	K01624
FBA2	K11645
FBA3	K01623
FBP	K01086
FBP	K01622
FBP	K02446
FBP	K03841
FBP	K04041
FBP	K11532
FCLTc	K01772
FERO	K00522
FERO	K02217
FERO	K13624
FERO	K13625
FMNAT	K00953
FMNAT	K11753
FMNAT	K14656
FOLD3	K00796
FOLD3	K13939
FOLD3	K13941
FPGS7	K01930
FPGS_tm	K01930
FPGS_tm	K11754
FRD2	K00238
FRD3	K00238
FRTT	K00804
FT	K00806
FTHFCL	K01934
FUM	K01676
FUM	K01677
FUM	K01678
FUM	K01679
G1PACT	K04042
G1SAT	K01845
G3PAT120	K00629
G3PAT140	K00629
G3PAT141	K00629
G3PAT160	K00629
G3PAT161	K00629
G3PAT180	K00629
G3PAT181	K00629
G3PATAI15	K00629
G3PATAI17	K00629
G3PATI14	K00629
G3PATI15	K00629
G3PATI16	K00629
G3PATI17	K00629
G3PD1	K00006
G3PD1	K00057
G3PD2	K00096
G6PBDH	K00036
G6PBDH	K13937
G6PDH2r	K00036
G6PI	K01792
G6PI	K01810
G6PI	K06859
G6PI	K13810
G6PI	K15916
G6PI3	K13810
G6PI3	K15916
GALU	K00963
GAPD	K00134
GAPD	K00150
GAPD	K10705
GF6PTA	K00820
GGTA	K00681
GHMT2r	K00600
GK1	K00942
GK2	K00942
GLNS	K01915
GLNSP1	K01915
GLNSP2	K01915
GLNSP3	K01915
GLUDy	K00262
GLUDy	K00261
GLUR	K01776
GLUTRR	K02492
GLUTRS	K01885
GLUTRS	K09698
GLUTRS	K14163
GLYASN1c	K07751
GLYASP1c	K07751
GLYGLN1c	K07751
GLYGLU1c	K07751
GLYLEUHYDROc	K07751
GLYMET1c	K07751
GLYPHEHYc	K07751
GLYPROPRO1c	K01271
GLYTYR1c	K07751
GMAND	K01711
GMHEPAT	K03272
GMHEPK	K03272
GMHEPPA	K03273
GMPR	K00364
GMPS2	K01951
GRTT	K00787
GRTT	K00795
GRTT	K00804
GRTT	K13787
GRTT	K13789
GTPCI	K01495
GTPCI	K09007
GTPCII	K01497
GTPCII	K14652
GTPDPK	K00951
GTPDPK	K07816
GUAPRT	K00769
GUAPRT	K03816
GUAPRT	K00759
GUAPRT	K15780
H2CO3D	K01672
H2CO3D	K01673
H2CO3D	K01674
HBZOPT	K03179
HEPT1	K00713
HEPT2	K00713
HETT	K02523
HETZK	K00878
HETZK	K14154
HEX1	K00844
HEX1	K00845
HEX1	K12407
HEXTT	K00805
HMBS	K01749
HMPK1	K00877
HMPK1	K00941
HMPK1	K14153
HPPK	K00950
HPPK	K13940
HSDx	K00003
HSDx	K12524
HSDx	K12525
HSDy	K00003
HSK	K00872
HSK	K02204
HSK	K02203
IBCOATA	K00648
IGPS	K01609
IGPS	K13498
IHDCOATA	K00648
IHPDCOATA	K00648
ILETA	K00826
IMPD	K00088
IPDCOATA	K00648
IPDPS	K03527
IPDPS2	K03527
ITDCOATA	K00648
IVCOATA	K00648
KARA1	K00053
KARA3	K00053
KAS14	K00647
KAS14	K00667
KAS14	K09458
KAS14	K00648
KAS14	K00665
KDOCT2	K00979
KDOPP	K03270
KDOPSr	K01627
LEUTA	K00826
LPADSS	K00748
LYSDC	K01582
MACCOAT	K00632
MACCOAT	K07513
MAN1PT2	K00971
MAN6PI	K01809
MCOATA	K00645
MCOATA	K13935
MCOATA	K00665
MCOATA	K00668
MECDPDH2	K03526
MECDPS	K01770
MECDPS	K12506
MEPCT	K00991
MEPCT	K12506
METALA1c	K07751
METSOXR1r	K08968
MOAT	K02527
MTHFC	K01491
MTHFC	K13403
MTHFD	K01491
MTHFD	K00288
NADK	K00858
NADK2	K00858
NADS1	K01916
NDPK1	K00940
NDPK2	K00940
NDPK3	K00940
NDPK4	K00940
NDPK5	K00940
NDPK6	K00940
NDPK7	K00940
NDPK8	K00940
NDPK9	K00940
NNATr	K00952
NNATr	K00969
NNATr	K06210
NNATr	K13522
NNDPR	K00767
NP1_r	K03783
NP1_r	K03784
NTD1	K01081
OAASr	K01647
OCOAT1r	K01027
OCOAT1r	K01028
OCOAT1r	K01029
OHPBAT	K00831
OMPDC	K01591
OMPDC	K13421
OPHBDC	K03182
OPHBDC	K03186
OROTPT	K00762
OROTPT	K13421
P5CRyr	K00286
PAPPT2	K01000
PAPPT3	K01000
PGAMT	K03431
PGCDr	K00058
PGI	K01810
PGK	K00927
PGL	K01057
PGL	K07404
PGL	K13937
PGM	K01834
PGM	K15633
PGM	K15634
PGM	K15635
PGM	K01837
PGMT	K01835
PGMT	K15778
PGMT	K15779
PGPP120	K01094
PGPP140	K01094
PGPP141	K01094
PGPP160	K01094
PGPP161	K01094
PGPP180	K01094
PGPP181	K01094
PGPPAI15	K01094
PGPPAI17	K01094
PGPPI14	K01094
PGPPI15	K01094
PGPPI16	K01094
PGPPI17	K01094
PGSA120	K00995
PGSA140	K00995
PGSA141	K00995
PGSA160	K00995
PGSA161	K00995
PGSA180	K00995
PGSA181	K00995
PGSAAI15	K00995
PGSAAI17	K00995
PGSAI14	K00995
PGSAI15	K00995
PGSAI16	K00995
PGSAI17	K00995
PHTHRDH	K00097
PHYQS	K00599
PLPS	K00777
PMANM	K01840
PMANM	K17497
PMANM	K16881
PMPK	K00877
PMPK	K00941
PMTCOATA	K00648
PNP	K03783
PNP	K03784
PNTK	K00867
PNTK	K03525
PNTK	K09680
POR4	K00169
POR4	K00170
POR4	K00171
POR4	K00172
POR4	K03737
PPA	K01507
PPAKr	K00932
PPAKr	K00925
PPBNGS	K01698
PPCDC	K01598
PPCDC	K13038
PPM	K01839
PPM	K01835
PPM	K15778
PPM	K15779
PPNCL3	K01922
PPNCL3	K13038
PPTT	K02523
PRAGS	K01945
PRAGS	K11787
PRAGS	K11788
PRAGS	K13713
PRO1x	K00286
PROD2	K00318
PROD2	K13821
PRPPS	K00948
PSCVT	K00800
PSCVT	K13830
PSD120	K01613
PSD140	K01613
PSD141	K01613
PSD160	K01613
PSD161	K01613
PSD180	K01613
PSD181	K01613
PSDAI15	K01613
PSDAI17	K01613
PSDI14	K01613
PSDI15	K01613
PSDI16	K01613
PSDI17	K01613
PSERT	K00831
PSP_L	K01079
PSP_L	K02203
PSSA120	K00998
PSSA140	K00998
PSSA141	K00998
PSSA160	K00998
PSSA161	K00998
PSSA180	K00998
PSSA181	K00998
PSSAAI15	K00998
PSSAAI17	K00998
PSSAI14	K00998
PSSAI15	K00998
PSSAI16	K00998
PSSAI17	K00998
PTA2	K13923
PTA2	K00625
PTA2	K13788
PTA2	K15024
PTAr	K00625
PTAr	K04020
PTAr	K13788
PTAr	K15024
PTPAT	K00954
PTPAT	K02201
PTPAT	K02318
PUNP1	K03783
PUNP1	K03784
PUNP2	K03783
PUNP2	K03784
PUNP3	K03783
PUNP3	K03784
PUNP4	K00758
PUNP5	K03783
PUNP5	K03784
PUNP6	K03783
PUNP6	K03784
PUNP7	K03815
PUNP7	K03783
PUNP7	K03784
QULNS	K03517
RBFK	K00861
RBFK	K11753
RBFSa	K00794
RBFSb	K00793
RHCCE	K07173
RNDR1	K00524
RNDR1	K00525
RNDR1	K00526
RNDR1	K10807
RNDR1	K10808
RNDR2	K10807
RNDR2	K10808
RNDR3	K00524
RNDR3	K00525
RNDR3	K00526
RNDR4	K00524
RNDR4	K00525
RNDR4	K00526
RPE	K01783
RPI	K01807
RPI	K01808
S7PIr	K03271
SDPDS	K01439
SDPTA	K14267
SDPTA	K00821
SHK3Dr	K00014
SHK3Dr	K13832
SHK3Dr	K05887
SHK3Dr	K13830
SHKK	K00891
SHKK	K13829
SHKK	K13830
SPMS	K00797
SPODM	K00518
STCOATA	K00648
SUCD1	K00239
SUCD1	K00240
SUCD1	K00241
SUCD1	K00242
SUCD1	K00244
SUCD1	K00245
SUCD1	K00246
SUCD1	K00247
SUCD4	K00238
SUCDi	K00239
SUCDi	K00240
SUCDi	K00241
SUCDi	K00242
SUCDi	K00244
SUCDi	K00245
SUCDi	K00246
SUCDi	K00247
TALA	K00616
TDCOATA	K00648
TDSK	K00912
TECA5S140	K01005
TECA5S160	K01005
TECA5S180	K01005
TECA5SAI15	K01005
TECA5SAI17	K01005
TECA5SI14	K01005
TECA5SI15	K01005
TECA5SI16	K01005
TECA5SI17	K01005
THDPS	K00674
THIORDXi	K03564
THRS	K01733
THZPSN	K03151
TKT1	K00615
TKT2	K00615
TMDK1	K00857
TMDPK	K00949
TMN	K03707
TMPPP	K00788
TMPPP	K14153
TMPPP	K14154
TPI	K01803
TRDRr	K00384
TRPS1	K01694
TRPS2r	K01695
TRPS2r	K01696
TRPS2r	K06001
TRPS3r	K13222
TRPS3r	K01695
TRPS3r	K01696
TRPS3r	K06001
U23GAAT	K02536
UAAGDS	K01928
UAAGDS	K15792
UAG4E	K02473
UAGAAT	K00677
UAGCVT_r	K00790
UAGDP	K00972
UAGDP	K04042
UAGDP	K11528
UAGPT2	K02563
UAGPT3	K02563
UAMAGS	K01925
UAMAS	K01924
UAPGR	K00075
UDCPDP	K06153
UDPG4E	K01784
UDPG4E	K17716
UGMDDS	K01929
UGMDDS	K15792
UHGADA	K02535
UHGADA	K16363
UMPK	K00945
UMPK	K09903
UMPK	K13799
UMPK	K13800
UMPK	K13809
UPP3S	K01719
UPP3S	K13542
UPP3S	K13543
UPPDC1	K01599
URIDK3	K00943
VALTA	K00826
XPPTr	K00769
XPPTr	K03816
XPPTr	K00760
YUMPS	K01718
YUMPS	K16329
YUMPS	K16330
r0010	K03781
r0060	K01752
r0060	K01754
r0060	K17989
r0082	K00031
r0127	K01424
r0127	K05597
r0220	K01908
r0220	K01895
r0318	K01908
r0318	K01895
r0345	K00939
r0398	K00357
r0422	K00031
r0570	K01839
r0671	K01922
ACCOAC	K01961
ACCOAC	K01962
ACCOAC	K01963
ACCOAC	K01964
ACCOAC	K02160
ACCOAC	K11262
ACCOAC	K15036
ACCOAC	K15037
MALCOACD	K00648
3OAACPR1	K00059
3HACPR1	K02372
EACPR1	K00208
3OAACPR2	K00059
3HACPR2	K02372
EACPR2	K00208
AOXSr2	K00652
DHNPA2	K01633
DHPS2	K00796
DHPS2	K13939
DHPS2	K13941
FPGS	K01930
ASPO7	K06989
GTPCII2	K01497
DHPPDA2	K01498
DHPPDA2	K11752
FRD7	K00238
NTD2	K01081
NTD4	K01081
NTD4	K03787
NTD4	K08722
NTD4	K08723
NTD4	K11751
NTD5	K01081
NTD5	K03787
NTD5	K08722
NTD5	K08723
NTD5	K11751
NTD6	K01081
NTD6	K03787
NTD6	K08722
NTD6	K08723
NTD6	K11751
NTD7	K01081
NTD7	K03787
NTD7	K08722
NTD7	K08723
NTD7	K11751
NTD8	K01081
NTD8	K03787
NTD8	K08722
NTD8	K08723
NTD8	K11751
NTD9	K01081
NTD9	K03787
NTD9	K08722
NTD9	K08723
NTD9	K11751
NTD10	K01081
NTD10	K03787
NTD10	K08722
NTD10	K08723
NTD10	K11751
NTD11	K01081
NTD11	K03787
NTD11	K08722
NTD11	K08723
NTD11	K11751
NAPRT	K00763
EAR121x	K11611
EAR141x	K11611
EAR161x	K11611
EAR181x	K11611
KAS_HP	K00647
AACPS7	K01909
AACPS7	K05939
NADS2	K01950
ADPRDP	K01515
ADPRDP	K08312
ADPRDP	K13987
ADPRDP	K13988
ADPRDP	K01517
DHORDfum	K00226
GNK	K00851
PMACPME	K02170
MALCOAMT	K02169
ALCD1	K00093
ALDD1	K00148
RBK	K00852
ADNK1	K00856
ADNK1	K00893
ADNK1	K15519
GCALDD	K07248
GLYCLTDxr	K00015
GLYCLTDxr	K00018
GLXCL	K01608
TRSARr	K00042
r0339	K00865
r0339	K15788
r0339	K15918
AKP1	K01077
AKP1	K01113
PMDPHT	K01112
12PPDSDH	K01699
12PPDSDH	K13919
12PPDSDH	K13920
2DH3DGLCA	K01630
2INSD	K03335
2OMMBOX	K03184
2OMPHH	K03185
3CARLPDH	K00164
3DGUR	K08092
3HBCOAE	K01782
3HBCOAE	K01825
3HPHACOX	K00483
3HPHACOX	K00484
3HPHACOX	K16901
4C2HM6SADH	K00151
4HP34DHPD	K00483
4HP34DHPD	K00484
4HP34DHPD	K16901
5AIZCDC	K01587
5AIZCDC	K11808
5C2O3EDDC	K05921
5CM2HMUDI	K01826
6P3HXI	K08094
6P3HXI	K13831
6PHBG	K01223
6PHBG2	K01223
AB6P3HXLL	K08093
AB6P3HXLL	K13812
AB6P3HXLL	K13831
AB6PGH	K01222
AB6PGH2	K01222
ABUTD	K00137
ABUTD	K12254
ABUTD	K00149
ABUTD	K14085
ABUTD	K00128
ACACCTr	K01034
ACACCTr	K01035
ACALD	K00132
ACALD	K04021
ACALD	K04072
ACALD	K04073
ACOAD2	K00248
ACOAD3rev	K00249
ACOAD4rev	K00249
ACOAD5rev	K00249
ACOAD6rev	K00249
ACOAD7i	K00249
ACODAr	K01438
ACODAr	K14677
ACYP	K01512
ADMDCr	K01611
AEPPT	K03430
AEPPT	K09469
AGDC	K01443
AGMT	K01480
AHCYSNS_r	K01243
AHCYSNS_r	K18284
AICART	K00602
AICART	K01492
AIRC4	K11808
ALDD2x	K00149
ALDD2x	K14085
ALLTAMH2	K02083
ALLTN	K01466
ALLTN	K16842
ALTRH	K01685
ALTRH	K16849
ALTRH	K16850
AMALT1	K00705
AMALT2	K00705
AMALT3	K00705
AMALT4	K00705
AMANK	K00885
AMANK	K12409
AMANK	K13967
AMPN	K01241
AP4AH	K01525
ARGDA	K01478
ARGSL	K01755
ARGSL	K14681
ASCBPL	K03476
ASPO1	K00278
ASPO1	K03334
ASPO6	K00278
AST	K00673
BDH	K00019
BGLA1	K01221
BUTCTr	K01034
BUTCTr	K01035
CBMKr	K00926
CDPGHL	K01709
CHOLSH	K01133
CHORM	K01850
CHORM	K04092
CHORM	K04093
CHORM	K04516
CHORM	K06208
CHORM	K06209
CHORM	K13853
CHORM	K14187
CITL	K01643
CITL	K01644
CITL	K01646
CRNCBCT	K08298
CRNCDH	K08299
CSND	K01485
CYTDK2	K00876
CYTDK4	K00876
CYTK1	K00945
CYTK1	K13799
CYTK1	K13800
CYTK1	K13809
CYTK2	K00945
DDGALK	K00883
DDGALK	K18126
DHAD1	K01687
DHAD2	K01687
DHBD	K00216
DHBS	K02312
DHEDAA	K02510
DHNAOPT	K02548
DHNAOT4	K02548
DHPDO	K00455
DKDID2	K03336
DKGLCNR1	K06221
DMSOR1	K07306
DMSOR2	K07306
DOGULNR	K08092
DRBK	K00852
DRPAr	K01619
ECOAH12	K01692
ECOAH12	K07511
ECOAH12	K07514
ECOAH12	K07515
ECOAH12	K01782
ECOAH12	K01825
ECOAH2	K01692
ECOAH2	K07511
ECOAH2	K10527
ECOAH2	K01782
ECOAH2	K01825
ECOAH2	K07514
ECOAH2	K07515
ECOAH3	K13767
ECOAH3	K01692
ECOAH3	K07511
ECOAH3	K10527
ECOAH3	K01782
ECOAH3	K01825
ECOAH3	K07514
ECOAH3	K07515
ECOAH4	K13767
ECOAH4	K01692
ECOAH4	K07511
ECOAH4	K10527
ECOAH4	K01782
ECOAH4	K01825
ECOAH4	K07514
ECOAH4	K07515
ECOAH5	K13767
ECOAH5	K01692
ECOAH5	K07511
ECOAH5	K07514
ECOAH5	K01782
ECOAH5	K01825
ECOAH5	K07515
ECOAH6	K13767
ECOAH6	K10527
ECOAH6	K01692
ECOAH6	K07511
ECOAH6	K07514
ECOAH6	K07515
ECOAH6	K01782
ECOAH6	K01825
ECOAH7	K10527
ECOAH7	K01692
ECOAH7	K07511
ECOAH7	K07514
ECOAH7	K07515
ECOAH7	K01782
ECOAH7	K01825
ECOAH9	K01692
ECOAH9	K07511
ECOAH9	K07514
ECOAH9	K07515
ECOAH9	K01782
ECOAH9	K01825
FACOAL140	K01897
FACOAL160	K01897
FACOAL160	K15013
FACOAL161	K01897
FACOAL180	K01897
FACOAL181	K01897
FACOALAI15	K01897
FACOALAI17	K01897
FACOALI14	K01897
FACOALI15	K01897
FACOALI16	K01897
FACOALI17	K01897
FCI	K01818
FCLK	K00879
FCLPA	K01628
FDH2	K08348
G1PCT	K00978
G1PP	K01085
G1PTT	K00973
G3PD5	K00110
G3PD6	K00110
G3PD7	K00110
G3PD8	K00111
G3PD8	K00112
G3PD8	K00113
G6PDA	K02564
GALCTD	K01708
GALCTND	K01684
GALCTND	K05308
GALK	K00849
GALT	K00964
GCCa	K00281
GCCa	K00282
GCCa	K00283
GLCNOXy	K00090
GLCP3	K00688
GLCRAL	K01630
GLCRD	K01706
GLCRHL	K01706
GLGC	K00975
GLTPD	K00094
GLUPRT	K00764
GLXS	K01638
GLYAT	K00639
GLYCDx	K00005
GLYK	K00864
GLYOX	K01069
GND	K00033
GPDDA1	K01126
GPDDA2	K01126
GPDDA4	K01126
GSNK	K00892
GSPMDA	K01460
GSPMDA	K01833
GSPMDS	K01460
GSPMDS	K01833
GSPMDS	K01917
GTHRD	K00383
GTPDPDP	K01514
GTPDPDP	K01524
GUI1	K01812
GUI2	K01812
HACD1	K01782
HACD1	K01825
HACD1	K07514
HACD1	K07516
HACD1	K10527
HACD1	K15016
HACD1	K00022
HACD2	K07516
HACD2	K00022
HACD2	K10527
HACD2	K01782
HACD2	K01825
HACD2	K07514
HACD2	K07515
HACD3	K07516
HACD3	K00022
HACD3	K10527
HACD3	K01782
HACD3	K01825
HACD3	K07514
HACD3	K07515
HACD4	K07516
HACD4	K00022
HACD4	K10527
HACD4	K07514
HACD4	K07515
HACD5	K07516
HACD5	K00022
HACD5	K10527
HACD5	K07514
HACD5	K07515
HACD5	K01782
HACD5	K01825
HACD6	K00022
HACD6	K10527
HACD6	K07514
HACD6	K07515
HACD6	K01782
HACD6	K01825
HACD7	K07516
HACD7	K00022
HACD7	K10527
HACD7	K07514
HACD7	K07515
HACD7	K01782
HACD7	K01825
HACD9	K08683
HACD9	K07514
HACD9	K01782
HACD9	K01825
HADPCOADH3	K00022
HADPCOADH3	K01782
HADPCOADH3	K07514
HADPCOADH3	K01825
HEMEOS	K00810
HEX7	K00844
HHDDI	K05921
HIBD	K00020
HISD	K01745
HISTP	K01089
HISTP	K04486
HISTP	K05602
HMGL	K01640
HPYRI	K01816
HXPRT	K15780
HXPRT	K00760
HYD1	K06281
HYD1	K06282
HYD2	K06281
HYD2	K06282
HYD3	K06281
HYD3	K06282
ICHORS	K01851
ICHORS	K02361
ICHORS	K02552
ICHORS	K14759
ICHORT	K01252
ICL	K01637
IDOND	K00098
IDOND2	K00098
IMACTD	K00149
IMACTD	K00128
IMACTD	K14085
IMPC	K00602
IMPC	K01492
IMPC	K11176
INS2D	K00010
IPFPHS	K05355
IZPN	K01468
KG6PDC	K03078
KG6PDC	K03081
LARGNAT	K00832
LCADi	K07248
LCARRy	K00011
LDH_D	K03777
LDH_D	K03778
LDH_L	K00016
LGTHL	K01759
LPAMS	K00160
LTHRK	K16651
L_LACD2	K00101
L_LACD3	K00101
L_LACDr	K00101
M1PD	K00009
MALT	K01187
MALT	K12047
MALT	K12316
MALT	K12317
MALT	K15922
MALTATr	K00661
MANAO	K00040
MCITD	K01720
MCITL2	K03417
MDH	K00024
MDH	K00025
MDH	K00026
MI1PP	K01092
MI1PP	K10047
MI1PP	K15759
MI3PP	K15759
MI4PP	K01092
MI4PP	K10047
MICITDr	K01682
MLTP1	K00688
MLTP2	K00688
MLTP3	K00688
MMSAD1	K00140
MMSAD2	K00140
MMSAD3	K00140
MNNH	K01686
MTAN	K01244
MTAN	K01243
MTAN	K18284
NMNPH	K10524
NNAM	K01440
NNAM	K08281
NO3R1	K00360
NO3R1	K00370
NO3R1	K00371
NO3R1	K00372
NO3R1	K00374
NO3R1	K02567
NO3R2	K00360
NO3R2	K00370
NO3R2	K00371
NO3R2	K00372
NO3R2	K00374
NO3R2	K02567
NODOx	K05916
NODOy	K05916
NPHS	K01661
NT5C	K01081
NT5C	K03787
NT5C	K08722
NT5C	K08723
NT5C	K11751
NTD3	K01081
NTD3	K03787
NTD3	K08722
NTD3	K08723
NTD3	K11751
NTD5_a	K01081
NTD5_a	K03787
NTD5_a	K08722
NTD5_a	K08723
NTD5_a	K11751
NTPTP1	K01129
NTRIR2x	K00362
NTRIR2y	K00361
NTRIR5	K03385
NTRIR5	K04016
NTRIR5	K15876
OAADC	K01571
OAADC	K01572
OAADC	K01573
OBTFL	K00656
OHEDH	K02509
ORNDC	K01581
PACTH	K05306
PDHc	K00382
PERD	K03473
PFK	K00850
PFL	K00656
PGLYCP	K01091
PHETA1	K00815
PHETA1	K00817
PHETA1	K00832
PHETA1	K00838
PHETA1	K15849
PHETA1	K00811
PHETA1	K00812
PHETA1	K00813
PHETA1	K05821
PHETA1	K11358
PHETA1	K14454
PHETA1	K14455
POX	K00156
PPCKr	K01610
PPPGO3	K00229
PRAIS	K01933
PRAIS	K11787
PRAIS	K11788
PRASCSi	K01923
PRASCSi	K01587
PRASCSi	K13713
PRFGS	K01952
PTRCTA	K09251
PYDAMK	K00868
PYDXNK	K00868
PYK	K00873
PYK	K12406
RB5PE	K03079
RB5PE	K03082
RE1944C	K03800
RMI	K01813
RMK	K00848
RMK2	K00848
RMPA	K01629
RNTR1	K00527
RNTR2	K00527
RNTR3	K00527
RNTR4	K00527
SADH	K01484
SADT2	K00956
SBTPD	K00068
SERD_D	K01753
SGDS	K05526
SGSAD	K06447
SHCHCS3	K08680
SNCOAT	K15569
SNCOAT	K15570
SOTA	K00840
SPMDAT1	K00657
SPMDAT2	K00657
SUCBZL	K01911
SUCBZL	K14760
SUCBZS	K02549
SUCBZS	K14759
SULR	K00380
SULR	K00381
SULR	K00385
SULR	K16950
SULR	K16951
TARTD	K03779
TARTD	K03780
TCBO	K13795
TDPADGAT	K16704
TDPAGTA	K13308
TDPDRE	K01790
TDPDRRr	K00067
TDPGDH	K01710
THRAr	K01620
THRD_L	K01754
THSFST	K01011
THSFST	K02439
TMDS	K00560
TMDS	K13998
TRE6PH	K01226
TRE6PH	K01232
TRE6PP	K01087
TRE6PP	K16055
TRE6PS	K00697
TRSARry	K00042
TYRTA	K00815
TYRTA	K00817
TYRTA	K00832
TYRTA	K00838
TYRTA	K15849
UACMAMO	K02472
UDCPDPS	K00806
UDPGDr	K00012
UGLYCH	K18151
UNK3	K08969
UNK3	K00832
UPPRT	K00761
UPPRT	K02825
URDGLYAH	K14977
URDGLYCD	K00073
URDGLYCR	K00073
URIK10	K00876
URIK11	K00876
URIK12	K00876
URIK13	K00876
URIK14	K00876
URIK2	K00876
URIK4	K00876
URIK5	K00876
URIK6	K00876
URIK7	K00876
URIK8	K00876
URIK9	K00876
VPAMTr	K00835
VPAMTr	K14260
r0163c	K00164
r0392	K00149
r0392	K14085
r0392	K00128
r0556c	K00658
r0792	K00297
SULRi	K00380
SULRi	K00381
CYOmq	K02826
CYOmq	K02827
CYOmq	K02828
CYOmq	K02829
NO2rPuq	K03385
NO2rPmq	K03385
TTHrmq	K08357
TTHrmq	K08358
TTHrmq	K08359
TTHrdmq	K08357
TTHrdmq	K08358
TTHrdmq	K08359
THSr1mq	K08352
THSr1mq	K08353
THSr1mq	K08354
SELRmq	K07309
SELRmq	K07310
SELRmq	K12527
SELRdmq	K07309
SELRdmq	K07310
SELRdmq	K12527
DNTPPA	K01529
PDX5PS	K03474
PDX5PO2	K00275
3HAD121	K01716
3HAD121	K02372
3HAD141	K01716
3HAD141	K02372
3HAD161	K01716
3HAD161	K02372
3HAD181	K01716
3HAD181	K02372
3OAS121	K00647
3OAS141	K00647
3OAS161	K00647
3OAS181	K00647
ASPO5	K00278
UGLT	K00965
URCN	K01712
MALT6PH	K01232
4NTPPH2	K01077
4NTPPH2	K01101
4NTPPH2	K01113
4NTPPH2	K01078
4NTPPH2	K01093
4NTPPH2	K03788
4NTPPH2	K09474
ACGAM2E	K01787
CMLDC	K01607
CMLDC	K14727
COBCOMOX	K03388
COBCOMOX	K03389
COBCOMOX	K03390
COBCOMOX	K08264
COBCOMOX	K08265
DCMPDA	K01493
FTHFL	K00288
FTHFL	K01938
FTHFL	K13402
PYNP1r	K00756
CELLUL_DEGe	K01188
CELLUL_DEGe	K05349
CELLUL_DEGe	K05350
XYLAN_DEGe	K01181
13PPDHr	K00086
ACEDIPIT	K00841
ACLDC	K01575
ADD	K01486
APAT	K05822
CELBpts	K02759
CELBpts	K02760
CELBpts	K02761
DEXTRINASE	K01187
DHSQLD	K10209
GGT	K02291
GGT	K17841
GLYCLTDx	K00015
GLYCLTDx	K00018
GLYD	K00050
GLYD	K15893
GLYD	K15919
GLYD	K00015
GLYD	K00018
GLYD	K00049
GLYD	K12972
GLYDy	K00050
HCYSMT	K00547
HMGCOAS	K01641
ISOMALT	K01182
L2AADPI	K05715
MLTG2	K01176
MLTG3	K01176
MLTG4	K01176
MLTG5	K01176
MLTP4	K00691
PGMT2	K01838
PPHTDK	K17841
PPHTDT	K02291
PYROX	K00158
TRE6PPGT	K03731
TREGLUDR2	K05342
UACMAMAT	K05946
AACOAT	K01907
AC2DHOR	K06151
AC2DHOR	K06152
ACNAMS	K01654
AMMQT7rev	K03183
DHNAOT7	K02548
GCALDDr	K07248
OMCDC	K00052
ORNTA	K00819
PPPH	K00231
TMDSf2	K03465
FORTHFC	K01746
FORTHFC	K13990
MTRI	K08963
UP4GH	K01518
NADN	K01242
NADN	K11121
NADN	K18152
NADN	K18153
MTHFD2	K00288
AHC	K01251
OBDHc	K00169
OBDHc	K00170
OBDHc	K00171
OBDHc	K00172
3HCINNMH	K05712
3HPPPNH	K05712
CINNDO	K05708
CINNDO	K05709
CINNDO	K05710
DDPGALA	K01631
DDPGALA	K11395
DHAK	K00863
DHAK	K05878
DHAK	K05879
DHCIND	K05711
DHCINDO	K05713
DHPPD	K05711
FMNRx	K13562
FMNRx	K14631
FMNRx	K05368
GGGABADr	K09472
GGGABARr	K09472
GLYCDH	K06120
GLYCDH	K06121
GLYCDH	K06122
GLYH	K06120
GLYH	K06121
GLYH	K06122
HKNDDH	K05714
HKNTDH	K05714
HOPNTAL	K01666
HPPPNDO	K05713
MALDDH	K07246
MMM2r	K01847
MMM2r	K01848
MMM2r	K01849
MMM2r	K11942
OP4ENH	K02554
PCAB	K01857
PPPNDO	K05708
PPPNDO	K05709
PPPNDO	K05710
PPPNDO	K00529
TAGURr	K00041
TARCGLYL	K07246
TARTRDH	K07246
TARTRDH2	K07246
TAUDO	K03119
TGBPA	K01635
TGBPA	K08302
TGBPA	K16371
5APTLPO	K10793
5APTLPO	K10794
5APTLPO	K10795
5APTLPO	K10796
AGTi	K00827
AGTi	K00830
AGTi	K14272
AMAA	K01446
AMAA	K01447
AMAA	K01448
AMAA	K01449
BUTKr	K00929
FXXRDO	K00392
GLYCTO1	K00104
GLYCTO1	K11472
GLYCTO1	K11473
GLYCTO1	K11517
GLYCTO2	K00104
GLYCTO3	K00104
GLYCTO4	K00104
HCITS	K01655
HCITS	K02594
HCITS	K10977
HXAND	K00087
HXAND	K00106
HXAND	K11177
HXAND	K11178
HXAND	K13479
HXAND	K13480
HXAND	K13481
HXAND	K13482
HXAND	K13483
ICDHx	K00030
ICDHx	K17753
MUCCYCI	K01856
ORNCD	K01750
PBUTT	K00634
PROLR	K01777
SPTc	K00830
HYD4	K00532
HYD4	K00533
HYD4	K00534
HYD4	K06441
HYD4	K14126
HYD4	K14127
HYD4	K14128
HYD4	K18016
HYD4	K18017
HYD4	K18023
PACCOALr	K01912
IOR2	K00179
IOR3	K00179
METGL	K01761
ALAD_L	K00259
PLACOR	K18606
PLACD	K01726
GLYR	K10670
PRO_DR	K10793
PRO_DR	K10794
PRO_DR	K10795
PRO_DR	K10796
GLYB_R	K10672
4HPHACDC	K18427
4HPHACDC	K18428
4HPHACDC2	K18427
4HPHACDC2	K18428
3HBCOAHL	K05605
HIBDkt	K00020
HIBDkt	K00022
HIBDkt	K01782
HIBDkt	K01825
HIBDkt	K07514
MMTSAO	K00140
ACTD	K00004
ACTD	K03366
BETALDHx	K00130
BETALDHx	K14085
BETALDHy	K00130
BETALDHy	K14085
BTDD_RR	K00004
BTDD_RR	K03366
CHOLD	K11440
HKMPPI	K08965
QUIDH	K05358
FHL	K00122
FHL	K00123
FHL	K00125
FHL	K00126
FHL	K00436
FHL	K18007
PHACOAO	K02609
HBCD	K00074
3OXCOAT	K00632
3OXCOAT	K02615
3OXCOAT	K07513
3OXCOAT	K07823
3OXCOAT	K07508
3OXCOAT	K07509
KACOAT2	K00632
ACOCT	K09065
DAPMDH	K03340
MI1PI	K01858
MME	K05606
PFK(ppi)	K00895
SUCORNTC	K13043
6PGALSZ2i	K01220
AMPSO3OX	K00394
AMPSO3OX	K00395
D5KGPA	K03339
SRBL1PR	K00100
NMNAT	K00952
NMNAT	K00969
NMNAT	K06210
NMNAT	K13522
ALAS	K00643
CYOO3	K02274
EAR12M14	K00208
EAR6M8	K00208
GALASE_OGLYCAN1e	K01190
GALASE_OGLYCAN2e	K01190
GALASE_OGLYCAN3e	K01190
GALNACASE_OGLYCAN1e	K01204
GALNACASE_OGLYCAN2e	K01204
GALNACASE_OGLYCAN3e	K01204
GLCNACASE_OGLYCAN1e	K01204
GLCNACASE_OGLYCAN2e	K01204
GLCNACASE_OGLYCAN3e	K01204
GLCNACASE_OGLYCAN4e	K01204
GLCNACASE_OGLYCAN5e	K01204
GLCNACASE_OGLYCAN6e	K01204
SIAASE_OGLYCAN1e	K01186
SIAASE_OGLYCAN2e	K01186
SIAASE_OGLYCAN3e	K01186
OXOAEL	K01055
OXOAEL	K14727
ALATA_D	K00824
AMAMTi	K00823
AMAMTi	K07250
AMAMTi	K13524
AMAMTi	K15372
LACpts	K02786
LACpts	K02787
LACpts	K02788
MSAS	K14422
GLCND	K05308
L_ASPR	K06989
GALUi	K00963
GLYCL	K00281
GLYCL	K00282
GLYCL	K00283
GLYCL	K00382
GLYCL	K00605
GLYCL	K02437
ALCD2y	K00002
GNOX	K00034
GNOXy	K00034
ALLTNS	K13485
ALLTNS	K16840
ALLTNS	K13484
ALLTNS	K16838
AMOPBHL	K00097
CBMTHL2	K01725
DMQMT2	K00568
PAAI17P	K01080
PAI17P	K01080
GAL6PI	K01819
6PGALSZ	K01220
NIT_n1p4	K00531
NIT_n1p4	K02586
NIT_n1p4	K02588
NIT_n1p4	K02591
MANAD_D	K00007
MANAD_D	K00045
EAR10M12	K00208
EAR15M16	K00208
OPHHX	K18800
PREN	K00805
25DOPOX	K00128
25DOPOX	K13877
25K5O2AI	K03464
2DDPENTHL	K13876
34DCCBR	K00448
34DCCBR	K00449
AB14LACH	K13874
ACOAD8	K00253
ACOAD8	K00249
ALLTAH	K01477
ANOX	K13873
APATr	K00822
ARABTH	K13875
BZ12DOX	K05549
BZ12DOX	K05550
BZ12DOX	K05784
BZ12DOXy	K05549
BZ12DOXy	K05550
BZ12DOXy	K05784
BZDIOLDH	K05783
CATDOX	K03381
CBMTHL	K01725
D4DGCD	K01707
EAR100y	K10780
EAR100y	K00665
EAR10M11	K00208
EAR120y	K10780
EAR120y	K00665
EAR12M13	K00208
EAR140y	K10780
EAR140y	K00665
EAR14M15	K00208
EAR160y	K10780
EAR160y	K00665
EAR180y	K00208
EAR40y	K10780
EAR40y	K00209
EAR40y	K00665
EAR4M5	K00208
EAR4M6	K00208
EAR60y	K00665
EAR6M7	K00208
EAR80y	K10780
EAR80y	K00665
EAR8M10	K00208
EAR8M9	K00208
GAPD_NADP	K05298
GAPD_NADP	K00150
GLFRDO	K00284
GLYO	K03153
HSERTA	K00641
L_ALAOPAT	K00822
MCCCr	K01968
MCCCr	K01969
MGCOAH	K05607
MGCOAH	K13766
MTI	K05343
N2OFO	K00376
N2OO	K04561
PAOOX	K00472
PHE4MO	K00500
XNOX	K14273
XYLLACH	K14274
XYLTH	K14275
NTRARx	K10534
NTRARy	K10534
NO2rDuq	K00368
NO2rDuq	K15864
N2Ormq	K00376
1H2NPTH	K00480
4HPROI	K12658
4HPROOX	K00273
ABTDG	K00007
D_PROHOX	K00273
G15LACH	K01053
HSNOOX	K00480
MCREAOOX	K00480
SALCACD	K00480
SNOOX	K00480
URAOX	K00365
URAOX	K16838
2MEBCOADH	K09699
3MEBCOADH	K09699
3MOBDC2	K00166
3MOBDC2	K00167
3MOBDC2	K11381
3MOPDC2	K00166
3MOPDC2	K00167
3MOPDC2	K11381
4MOPDC2	K00165
CYTB_B3	K02826
DHLCOALT	K09699
HPROxr	K00286
HPROyr	K00286
LPAMMBT	K00166
LPAMMBT	K00167
LPAMMBT	K11381
LPAMMBT2	K00166
LPAMMBT2	K00167
LPAMMBT2	K11381
LPAMMPT	K00166
LPAMMPT	K00167
LPAMMPT	K11381
PSP_D	K01079
MAN1PT	K00966
MAN1PT	K00971
MAN1PT	K16011
MAN1PT	K16881
LYXI	K01820
RMPA2	K01629
AMYLe	K00703
AMYLe	K16148
DMLARGAH	K01482
PAPA180	K01080
COCHL	K02230
COCHL	K09882
COCHL	K09883
RBLIi	K06040
CHCOAL	K01906
NFORGLUAH	K01458
LACCOAT	K01026
PPCOA_FDX_OX	K00249
BUTCT	K01034
BUTCT	K01035
ACGALK3	K18674
AGDC2	K01443
URIDK1	K09903
URIDK2	K09903
PULLe	K01200
FOLRrev	K00287
FOLRrev	K13998
FRDPS	K00801
NADH7	K00329
NADH8	K00329
SQLErev	K00511
SSQEPXS	K01852
DXPRIi	K00099
2S6HCC	K08680
2S6HCC	K02551
CYOR3	K00411
GULLACO	K00103
GULLACOX	K00103
LLEUDr	K00263
L_ILE3MR	K00263
L_TRPCOO	K00466
L_VALMOD	K00263
L_VALMOD	K00271
NWHARGOX	K00491
NWHARGOX	K13240
NWHARGOX	K13241
NWHARGOX	K13242
NWHARGOX	K13253
NWHARGOX	K13427
PECTIN_DEGe	K01184
ARABINANASEe	K01209
CSABCASE_A_e	K08961
CSABCASE_B_e	K08961
CSABCASE_C_e	K08961
CS6TASE	K01132
GLCAASEe	K01195
IS2TASE	K01136
IDOURASE	K01217
DEXTRAN40e	K01200
HEPARL1_e	K19050
HEPARL1_e	K19051
IDOURASE_HS1	K01217
IDOURASE_HS2	K01217
IDOURASE_HS3	K01217
AS3TASE_HS1	K01137
AS3TASE_HS2	K01137
AS6TASE_HS1	K01137
AS6TASE_HS2	K01137
GAM2STASE_HS1	K01565
GAM2STASE_HS2	K01565
GAM2STASE_HS3	K01565
GLCAASE_HSe	K01195
GLCNACASE_HS1	K01205
GLCNACASE_HS2	K01205
IS2TASE_HS1	K01136
GALASE_HSe	K01190
GLCAASE8e	K01195
GLCAASE9e	K01195
NACHEX27e	K01207
PECTICGALASEe	K01209
RHAMNOGALURASEe_I	K05989
RHAMNOGALURASEe_II	K05989
5FMFURT	K00672
FMFUROr	K00199
MCOX	K00319
MTTH4MPTH	K01499
TMDK2	K00857
FOLR3	K00287
FOLR3	K13998
G3PO	K00105
ADAD	K00893
ACCOAL2	K01905
METR	K15023
CODH_ACS	K14138
G1PGTi	K00978
US7P1PT	K00850
ADCOBASr	K08260
RBTDG	K00039
EDA	K17463
EDA	K01625
EDA	K11395
H202D	K05910
CMPDAi	K01493
ETHAP	K01773
AKGS	K00164
AKGS	K00382
PSFrmq	K17218
KARA2	K00053
IPPS	K01649
LEVANASE_1e	K01212
LEVANASE_2e	K01212
LEVANASE_3e	K01212
LEVANASE_4e	K01212
FORMCOAT	K07749
OXCOADC	K01577
ATPS3	K02111
ATPS3	K02112
NO2OX	K00369
NO2OX	K00370
NO2OX	K00371
NO2OX	K00372
NO2OX	K00373
NO2OX	K00374
NO2OX	K02567
KAS17rev	K00647
CYTDH	K10213
FA180ACPHrev	K08682
ALGD	K00066
NO2rDmq	K00368
NO2rDmq	K15864
COF420H	K00440
COF420H	K00441
COF420H	K00442
COF420H	K00443
MCOMR	K00399
MCOMR	K00401
MCOMR	K00402
MCOX2	K00320
MH4MPTMT	K00577
MH4MPTMT	K00578
MH4MPTMT	K00579
MH4MPTMT	K00580
MH4MPTMT	K00581
MH4MPTMT	K00582
MH4MPTMT	K00583
MH4MPTMT	K00584
PSLACL	K08097
GLUSx	K00264
GLUSx	K00265
GLUSx	K00266
GLUSy	K00264
GLUSy	K00265
GLUSy	K00266
MCMMT	K14080
AMYe	K01176
SO3rDmq	K16950
APSRmq	K00390
SO3R	K11180
SO3R	K11181
HMGCOARxi	K00054
SHCHCS	K08680
PKL	K01621
LMNe	K01180
LMN2e	K01180
DNMPPA	K01529
AROH	K01713
AROH	K04518
AROH	K05359
AROH	K14170
TAURPYRAT	K03851
SACALDACT	K03852
PRKIN	K00855
FDOXR	K00366
SULFR	K05301
2MECOAOX	K00248
2MECOAOX	K00249
2MECOAOX	K09478
2MECOAOX	K11410
IBCOAMPO	K00248
IBCOAMPO	K00249
IBCOAMPO	K09478
IBCOAMPO	K11410
OXGDC	K01616
1PPDCRx	K13609
1PPDCRy	K13609
LPCOX	K00306
NFLGLNH	K05603
NHFRBOr	K15877
NIR	K00368
NIR	K15864
PRE3A	K02229
FACOALib	K01897
FACOALiv	K01897
UTPATPT	K00944
LICHN_DEGe	K01216
S7P1K	K00850
DPR	K00077
MICITD	K01682
34HPPOR	K00457
AACTOOR	K00276
ACGAMK	K00884
ACGAMPM	K01836
ADA	K01488
ADNCYC	K01768
ADNCYC	K05851
ADNCYC	K05873
ADNCYC	K08041
ADNCYC	K08042
ADNCYC	K08043
ADNCYC	K08044
ADNCYC	K08045
ADNCYC	K08046
ADNCYC	K08047
ADNCYC	K08048
ADNCYC	K08049
ADNCYC	K11029
ADNCYC	K11265
ADSK	K00860
ADSK	K00955
ADSK	K13811
ALATA_L	K00814
ALATA_L	K14260
ALATA_L	K14272
ALKP	K01077
AMY1e	K01176
AMY2e	K01176
ASNS1	K01953
BUP2	K01431
CMPSAS	K00983
CYTD	K01489
CYTDK1	K00876
DADA	K01488
DADNK	K10353
DCYTD	K10989
DCYTD	K01489
DHPM1	K01464
DHPM2	K01464
DRPA	K01619
DURAD	K00207
DURAD2	K00207
DURIK1	K00857
FA120ACPH	K08682
FBA4	K01623
FDH	K00122
FKYNH	K01432
FKYNH	K07130
FKYNH	K14263
FUMAC	K01555
FUMAC	K16171
GAMYe	K01178
GFUCS	K02377
GLUCYS	K01919
GLUCYS	K11204
GLUCYS	K11205
GLUDC	K01580
GLYCLTDy	K00049
GLYCLTDy	K12972
GTHP	K00432
GTHS	K01920
GUAD	K01487
HEX10	K00844
HEX4	K00844
HGNTOR	K00451
HKYNH	K01556
KHK2	K00846
MACACI	K01800
MCITS	K01659
MDRPD	K08964
MDRPD	K16054
ME2	K00029
MGSA	K01734
MLTG1	K01176
MMCD	K11264
MTAP	K00772
NMNATr	K00952
NMNATr	K00969
NMNATr	K06210
NMNATr	K13522
NMNS	K03462
NOS1	K00491
O16G1e	K01182
O16G2e	K01182
PACCOAL	K01912
PDX5PO	K00275
PEPCK	K01596
PHETHPTOX2	K00500
PPA2	K01507
PPOR	K00457
PTHPS	K01737
PYAM5POr	K00275
PYNP2r	K00757
PYNP2r	K00756
RBK_D	K00875
RNMK	K10524
SADT	K00956
SADT	K00957
SADT	K00958
SADT	K00955
SADT	K13811
SBTD_D2	K00008
SELNPS	K01008
THBPT4ACAMDASE	K01724
TMDPP	K00756
TMDPP	K00758
TREH	K01194
TRPO2	K00453
TRPO2	K00463
TYROXDAc	K00276
TYROXDAc	K13371
TYROXDAc	K13372
TYROXDAc	K00274
UDPGP	K01513
UMPK2	K00945
UMPK3	K00945
UMPK4	K00945
UMPK5	K00945
UMPK6	K00945
UMPK7	K00945
UPPN	K01431
URIK1	K00876
XYLTD_Dr	K05351
r0301	K01951
r0389	K00275
r0456	K00904
r0456	K15518
r0488	K00021
r0502	K00087
r0502	K11177
r0502	K11178
r0502	K13479
r0502	K13480
r0502	K13481
r0502	K13482
r0502	K13483
r0527	K03742
r0527	K03743
r0545	K00146
